PMID,Title,Authors,Citation,First Author,Journal/Book,Publication Year,Create Date,PMCID,NIHMS ID,DOI
"33549512","Application of a novel machine learning framework for predicting non-metastatic prostate cancer-specific mortality in men using the Surveillance, Epidemiology, and End Results (SEER) database","Lee C, Light A, Alaa A, Thurtle D, van der Schaar M, Gnanapragasam VJ.","Lancet Digit Health. 2021 Mar;3(3):e158-e165. doi: 10.1016/S2589-7500(20)30314-9. Epub 2021 Feb 3.","Lee C","Lancet Digit Health","2021","2021/02/07","","","10.1016/S2589-7500(20)30314-9"
"33509389","Screening and identifying hepatobiliary diseases through deep learning using ocular images: a prospective, multicentre study","Xiao W, Huang X, Wang JH, Lin DR, Zhu Y, Chen C, Yang YH, Xiao J, Zhao LQ, Li JO, Cheung CY, Mise Y, Guo ZY, Du YF, Chen BB, Hu JX, Zhang K, Lin XS, Wen W, Liu YZ, Chen WR, Zhong YS, Lin HT.","Lancet Digit Health. 2021 Feb;3(2):e88-e97. doi: 10.1016/S2589-7500(20)30288-0.","Xiao W","Lancet Digit Health","2021","2021/01/29","","","10.1016/S2589-7500(20)30288-0"
"33509388","Rapid triage for COVID-19 using routine clinical data for patients attending hospital: development and prospective validation of an artificial intelligence screening test","Soltan AAS, Kouchaki S, Zhu T, Kiyasseh D, Taylor T, Hussain ZB, Peto T, Brent AJ, Eyre DW, Clifton DA.","Lancet Digit Health. 2021 Feb;3(2):e78-e87. doi: 10.1016/S2589-7500(20)30274-0. Epub 2020 Dec 11.","Soltan AAS","Lancet Digit Health","2021","2021/01/29","PMC7831998","","10.1016/S2589-7500(20)30274-0"
"33509385","Deep learning-based detection of hepatobiliary disorders in ophthalmic imaging","Ahn JC, Shah VH.","Lancet Digit Health. 2021 Feb;3(2):e68-e69. doi: 10.1016/S2589-7500(20)30319-8.","Ahn JC","Lancet Digit Health","2021","2021/01/29","","","10.1016/S2589-7500(20)30319-8"
"33453782","Machine learning-based prediction of adverse events following an acute coronary syndrome (PRAISE): a modelling study of pooled datasets","D'Ascenzo F, De Filippo O, Gallone G, Mittone G, Deriu MA, Iannaccone M, Ariza-Solé A, Liebetrau C, Manzano-Fernández S, Quadri G, Kinnaird T, Campo G, Simao Henriques JP, Hughes JM, Dominguez-Rodriguez A, Aldinucci M, Morbiducci U, Patti G, Raposeiras-Roubin S, Abu-Assi E, De Ferrari GM; PRAISE study group.","Lancet. 2021 Jan 16;397(10270):199-207. doi: 10.1016/S0140-6736(20)32519-8.","D'Ascenzo F","Lancet","2021","2021/01/17","","","10.1016/S0140-6736(20)32519-8"
"33404620","Effect of Machine Learning on Dispatcher Recognition of Out-of-Hospital Cardiac Arrest During Calls to Emergency Medical Services: A Randomized Clinical Trial","Blomberg SN, Christensen HC, Lippert F, Ersbøll AK, Torp-Petersen C, Sayre MR, Kudenchuk PJ, Folke F.","JAMA Netw Open. 2021 Jan 4;4(1):e2032320. doi: 10.1001/jamanetworkopen.2020.32320.","Blomberg SN","JAMA Netw Open","2021","2021/01/06","PMC7788469","","10.1001/jamanetworkopen.2020.32320"
"33399858","Noninvasive Prediction of Occult Peritoneal Metastasis in Gastric Cancer Using Deep Learning","Jiang Y, Liang X, Wang W, Chen C, Yuan Q, Zhang X, Li N, Chen H, Yu J, Xie Y, Xu Y, Zhou Z, Li G, Li R.","JAMA Netw Open. 2021 Jan 4;4(1):e2032269. doi: 10.1001/jamanetworkopen.2020.32269.","Jiang Y","JAMA Netw Open","2021","2021/01/05","PMC7786251","","10.1001/jamanetworkopen.2020.32269"
"33328123","A deep learning algorithm to detect chronic kidney disease from retinal photographs in community-based populations","Sabanayagam C, Xu D, Ting DSW, Nusinovici S, Banu R, Hamzah H, Lim C, Tham YC, Cheung CY, Tai ES, Wang YX, Jonas JB, Cheng CY, Lee ML, Hsu W, Wong TY.","Lancet Digit Health. 2020 Jun;2(6):e295-e302. doi: 10.1016/S2589-7500(20)30063-7. Epub 2020 May 12.","Sabanayagam C","Lancet Digit Health","2020","2020/12/17","","","10.1016/S2589-7500(20)30063-7"
"33328092","Fetal growth and gestational age prediction by machine learning","Ananth CV, Brandt JS.","Lancet Digit Health. 2020 Jul;2(7):e336-e337. doi: 10.1016/S2589-7500(20)30143-6. Epub 2020 Jun 23.","Ananth CV","Lancet Digit Health","2020","2020/12/17","","","10.1016/S2589-7500(20)30143-6"
"33328086","Chest x-ray analysis with deep learning-based software as a triage test for pulmonary tuberculosis: a prospective study of diagnostic accuracy for culture-confirmed disease","Khan FA, Majidulla A, Tavaziva G, Nazish A, Abidi SK, Benedetti A, Menzies D, Johnston JC, Khan AJ, Saeed S.","Lancet Digit Health. 2020 Nov;2(11):e573-e581. doi: 10.1016/S2589-7500(20)30221-1. Epub 2020 Oct 19.","Khan FA","Lancet Digit Health","2020","2020/12/17","","","10.1016/S2589-7500(20)30221-1"
"33328049","Guidelines for clinical trial protocols for interventions involving artificial intelligence: the SPIRIT-AI extension","Cruz Rivera S, Liu X, Chan AW, Denniston AK, Calvert MJ; SPIRIT-AI and CONSORT-AI Working Group.","Lancet Digit Health. 2020 Oct;2(10):e549-e560. doi: 10.1016/S2589-7500(20)30219-3. Epub 2020 Sep 9.","Cruz Rivera S","Lancet Digit Health","2020","2020/12/17","","","10.1016/S2589-7500(20)30219-3"
"33328048","Reporting guidelines for clinical trial reports for interventions involving artificial intelligence: the CONSORT-AI extension","Liu X, Cruz Rivera S, Moher D, Calvert MJ, Denniston AK; SPIRIT-AI and CONSORT-AI Working Group.","Lancet Digit Health. 2020 Oct;2(10):e537-e548. doi: 10.1016/S2589-7500(20)30218-1. Epub 2020 Sep 9.","Liu X","Lancet Digit Health","2020","2020/12/17","","","10.1016/S2589-7500(20)30218-1"
"33306118","Comparison of Use of Health Care Services and Spending for Unauthorized Immigrants vs Authorized Immigrants or US Citizens Using a Machine Learning Model","Wilson FA, Zallman L, Pagán JA, Ortega AN, Wang Y, Tatar M, Stimpson JP.","JAMA Netw Open. 2020 Dec 1;3(12):e2029230. doi: 10.1001/jamanetworkopen.2020.29230.","Wilson FA","JAMA Netw Open","2020","2020/12/11","PMC7733155","","10.1001/jamanetworkopen.2020.29230"
"32986110","Development and Validation of a Serum Metabolomic Signature for Endometrial Cancer Screening in Postmenopausal Women","Troisi J, Raffone A, Travaglino A, Belli G, Belli C, Anand S, Giugliano L, Cavallo P, Scala G, Symes S, Richards S, Adair D, Fasano A, Bottigliero V, Guida M.","JAMA Netw Open. 2020 Sep 1;3(9):e2018327. doi: 10.1001/jamanetworkopen.2020.18327.","Troisi J","JAMA Netw Open","2020","2020/09/28","PMC7522698","","10.1001/jamanetworkopen.2020.18327"
"32909959","Reporting guidelines for clinical trial reports for interventions involving artificial intelligence: the CONSORT-AI Extension","Liu X, Rivera SC, Moher D, Calvert MJ, Denniston AK; SPIRIT-AI and CONSORT-AI Working Group.","BMJ. 2020 Sep 9;370:m3164. doi: 10.1136/bmj.m3164.","Liu X","BMJ","2020","2020/09/10","PMC7490784","","10.1136/bmj.m3164"
"32908284","Guidelines for clinical trial protocols for interventions involving artificial intelligence: the SPIRIT-AI extension","Cruz Rivera S, Liu X, Chan AW, Denniston AK, Calvert MJ; SPIRIT-AI and CONSORT-AI Working Group; SPIRIT-AI and CONSORT-AI Steering Group; SPIRIT-AI and CONSORT-AI Consensus Group.","Nat Med. 2020 Sep;26(9):1351-1363. doi: 10.1038/s41591-020-1037-7. Epub 2020 Sep 9.","Cruz Rivera S","Nat Med","2020","2020/09/10","PMC7598944","","10.1038/s41591-020-1037-7"
"32908283","Reporting guidelines for clinical trial reports for interventions involving artificial intelligence: the CONSORT-AI extension","Liu X, Cruz Rivera S, Moher D, Calvert MJ, Denniston AK; SPIRIT-AI and CONSORT-AI Working Group.","Nat Med. 2020 Sep;26(9):1364-1374. doi: 10.1038/s41591-020-1034-x. Epub 2020 Sep 9.","Liu X","Nat Med","2020","2020/09/10","PMC7598943","","10.1038/s41591-020-1034-x"
"32908282","Insulin dose optimization using an automated artificial intelligence-based decision support system in youths with type 1 diabetes","Nimri R, Battelino T, Laffel LM, Slover RH, Schatz D, Weinzimer SA, Dovc K, Danne T, Phillip M; NextDREAM Consortium.","Nat Med. 2020 Sep;26(9):1380-1384. doi: 10.1038/s41591-020-1045-7. Epub 2020 Sep 9.","Nimri R","Nat Med","2020","2020/09/10","","","10.1038/s41591-020-1045-7"
"32907797","Guidelines for clinical trial protocols for interventions involving artificial intelligence: the SPIRIT-AI Extension","Rivera SC, Liu X, Chan AW, Denniston AK, Calvert MJ; SPIRIT-AI and CONSORT-AI Working Group.","BMJ. 2020 Sep 9;370:m3210. doi: 10.1136/bmj.m3210.","Rivera SC","BMJ","2020","2020/09/10","PMC7490785","","10.1136/bmj.m3210"
"32807931","A digital biomarker of diabetes from smartphone-based vascular signals","Avram R, Olgin JE, Kuhar P, Hughes JW, Marcus GM, Pletcher MJ, Aschbacher K, Tison GH.","Nat Med. 2020 Oct;26(10):1576-1582. doi: 10.1038/s41591-020-1010-5. Epub 2020 Aug 17.","Avram R","Nat Med","2020","2020/08/19","","","10.1038/s41591-020-1010-5"
"32749209","Cardiovascular CT and MRI in 2019: Review of Key Articles","Dodd JD, Leipsic J.","Radiology. 2020 Oct;297(1):17-30. doi: 10.1148/radiol.2020200605. Epub 2020 Aug 4.","Dodd JD","Radiology","2020","2020/08/05","","","10.1148/radiol.2020200605"
"32657917","Predicting the Outcome of Limb Revascularization in Patients With Lower-extremity Arterial Trauma: Development and External Validation of a Supervised Machine-learning Algorithm to Support Surgical Decisions","Perkins ZB, Yet B, Sharrock A, Rickard R, Marsh W, Rasmussen TE, Tai NRM.","Ann Surg. 2020 Oct;272(4):564-572. doi: 10.1097/SLA.0000000000004132.","Perkins ZB","Ann Surg","2020","2020/07/14","","","10.1097/SLA.0000000000004132"
"32617525","Achieving accurate estimates of fetal gestational age and personalised predictions of fetal growth based on data from an international prospective cohort study: a population-based machine learning study","Fung R, Villar J, Dashti A, Ismail LC, Staines-Urias E, Ohuma EO, Salomon LJ, Victora CG, Barros FC, Lambert A, Carvalho M, Jaffer YA, Noble JA, Gravett MG, Purwar M, Pang R, Bertino E, Munim S, Min AM, McGready R, Norris SA, Bhutta ZA, Kennedy SH, Papageorghiou AT, Ourmazd A; International Fetal and Newborn Growth Consortium for the 21st Century (INTERGROWTH-21st).","Lancet Digit Health. 2020 Jun 23;2(7):e368-e375. doi: 10.1016/S2589-7500(20)30131-X. eCollection 2020 Jul.","Fung R","Lancet Digit Health","2020","2020/07/04","PMC7323599","","10.1016/S2589-7500(20)30131-X"
"32568399","Evaluation of a Machine Learning Model Based on Pretreatment Symptoms and Electroencephalographic Features to Predict Outcomes of Antidepressant Treatment in Adults With Depression: A Prespecified Secondary Analysis of a Randomized Clinical Trial","Rajpurkar P, Yang J, Dass N, Vale V, Keller AS, Irvin J, Taylor Z, Basu S, Ng A, Williams LM.","JAMA Netw Open. 2020 Jun 1;3(6):e206653. doi: 10.1001/jamanetworkopen.2020.6653.","Rajpurkar P","JAMA Netw Open","2020","2020/06/23","PMC7309440","","10.1001/jamanetworkopen.2020.6653"
"32432709","Use of Deep Learning to Develop and Analyze Computational Hematoxylin and Eosin Staining of Prostate Core Biopsy Images for Tumor Diagnosis","Rana A, Lowe A, Lithgow M, Horback K, Janovitz T, Da Silva A, Tsai H, Shanmugam V, Bayat A, Shah P.","JAMA Netw Open. 2020 May 1;3(5):e205111. doi: 10.1001/jamanetworkopen.2020.5111.","Rana A","JAMA Netw Open","2020","2020/05/21","PMC7240356","","10.1001/jamanetworkopen.2020.5111"
"32315264","Predicting Rectal Cancer Response to Neoadjuvant Chemoradiotherapy Using Deep Learning of Diffusion Kurtosis MRI","Zhang XY, Wang L, Zhu HT, Li ZW, Ye M, Li XT, Shi YJ, Zhu HC, Sun YS.","Radiology. 2020 Jul;296(1):56-64. doi: 10.1148/radiol.2020190936. Epub 2020 Apr 21.","Zhang XY","Radiology","2020","2020/04/22","","","10.1148/radiol.2020190936"
"32286192","Deep Learning Single-Frame and Multiframe Super-Resolution for Cardiac MRI","Masutani EM, Bahrami N, Hsiao A.","Radiology. 2020 Jun;295(3):552-561. doi: 10.1148/radiol.2020192173. Epub 2020 Apr 14.","Masutani EM","Radiology","2020","2020/04/15","PMC7263289","","10.1148/radiol.2020192173"
"32213531","Artificial intelligence versus clinicians: systematic review of design, reporting standards, and claims of deep learning studies","Nagendran M, Chen Y, Lovejoy CA, Gordon AC, Komorowski M, Harvey H, Topol EJ, Ioannidis JPA, Collins GS, Maruthappu M.","BMJ. 2020 Mar 25;368:m689. doi: 10.1136/bmj.m689.","Nagendran M","BMJ","2020","2020/03/28","PMC7190037","","10.1136/bmj.m689"
"32133440","Development and validation of a risk prediction model to diagnose Barrett's oesophagus (MARK-BE): a case-control machine learning approach","Rosenfeld A, Graham DG, Jevons S, Ariza J, Hagan D, Wilson A, Lovat SJ; BEST2 study group, Sami SS, Ahmad OF, Novelli M, Rodriguez Justo M, Winstanley A, Heifetz EM, Ben-Zecharia M, Noiman U, Fitzgerald RC, Sasieni P, Lovat LB.","Lancet Digit Health. 2020 Jan 1;2(1):E37-E48. doi: 10.1016/S2589-7500(19)30216-X. Epub 2019 Dec 5.","Rosenfeld A","Lancet Digit Health","2020","2020/03/06","PMC7056359","EMS84809","10.1016/S2589-7500(19)30216-X"
"32119093","Effect of Home Blood Pressure Monitoring via a Smartphone Hypertension Coaching Application or Tracking Application on Adults With Uncontrolled Hypertension: A Randomized Clinical Trial","Persell SD, Peprah YA, Lipiszko D, Lee JY, Li JJ, Ciolino JD, Karmali KN, Sato H.","JAMA Netw Open. 2020 Mar 2;3(3):e200255. doi: 10.1001/jamanetworkopen.2020.0255.","Persell SD","JAMA Netw Open","2020","2020/03/03","PMC7052730","","10.1001/jamanetworkopen.2020.0255"
"32096706","Noninvasive Diagnosis of Nonalcoholic Fatty Liver Disease and Quantification of Liver Fat with Radiofrequency Ultrasound Data Using One-dimensional Convolutional Neural Networks","Han A, Byra M, Heba E, Andre MP, Erdman JW Jr, Loomba R, Sirlin CB, O'Brien WD Jr.","Radiology. 2020 May;295(2):342-350. doi: 10.1148/radiol.2020191160. Epub 2020 Feb 25.","Han A","Radiology","2020","2020/02/26","PMC7193902","","10.1148/radiol.2020191160"
"32065827","Effect of a Machine Learning-Derived Early Warning System for Intraoperative Hypotension vs Standard Care on Depth and Duration of Intraoperative Hypotension During Elective Noncardiac Surgery: The HYPE Randomized Clinical Trial","Wijnberge M, Geerts BF, Hol L, Lemmers N, Mulder MP, Berge P, Schenk J, Terwindt LE, Hollmann MW, Vlaar AP, Veelo DP.","JAMA. 2020 Mar 17;323(11):1052-1060. doi: 10.1001/jama.2020.0592.","Wijnberge M","JAMA","2020","2020/02/18","PMC7078808","","10.1001/jama.2020.0592"
"32031645","Prospective and External Evaluation of a Machine Learning Model to Predict In-Hospital Mortality of Adults at Time of Admission","Brajer N, Cozzi B, Gao M, Nichols M, Revoir M, Balu S, Futoma J, Bae J, Setji N, Hernandez A, Sendak M.","JAMA Netw Open. 2020 Feb 5;3(2):e1920733. doi: 10.1001/jamanetworkopen.2019.20733.","Brajer N","JAMA Netw Open","2020","2020/02/08","","","10.1001/jamanetworkopen.2019.20733"
"32007170","Deep learning for prediction of colorectal cancer outcome: a discovery and validation study","Skrede OJ, De Raedt S, Kleppe A, Hveem TS, Liestøl K, Maddison J, Askautrud HA, Pradhan M, Nesheim JA, Albregtsen F, Farstad IN, Domingo E, Church DN, Nesbakken A, Shepherd NA, Tomlinson I, Kerr R, Novelli M, Kerr DJ, Danielsen HE.","Lancet. 2020 Feb 1;395(10221):350-360. doi: 10.1016/S0140-6736(19)32998-8.","Skrede OJ","Lancet","2020","2020/02/03","","","10.1016/S0140-6736(19)32998-8"
"31907460","Near real-time intraoperative brain tumor diagnosis using stimulated Raman histology and deep neural networks","Hollon TC, Pandian B, Adapa AR, Urias E, Save AV, Khalsa SSS, Eichberg DG, D'Amico RS, Farooq ZU, Lewis S, Petridis PD, Marie T, Shah AH, Garton HJL, Maher CO, Heth JA, McKean EL, Sullivan SE, Hervey-Jumper SL, Patil PG, Thompson BG, Sagher O, McKhann GM 2nd, Komotar RJ, Ivan ME, Snuderl M, Otten ML, Johnson TD, Sisti MB, Bruce JN, Muraszko KM, Trautman J, Freudiger CW, Canoll P, Lee H, Camelo-Piragua S, Orringer DA.","Nat Med. 2020 Jan;26(1):52-58. doi: 10.1038/s41591-019-0715-9. Epub 2020 Jan 6.","Hollon TC","Nat Med","2020","2020/01/08","PMC6960329","NIHMS1544390","10.1038/s41591-019-0715-9"
"31845845","Deep Learning for Predicting Enhancing Lesions in Multiple Sclerosis from Noncontrast MRI","Narayana PA, Coronado I, Sujit SJ, Wolinsky JS, Lublin FD, Gabr RE.","Radiology. 2020 Feb;294(2):398-404. doi: 10.1148/radiol.2019191061. Epub 2019 Dec 17.","Narayana PA","Radiology","2020","2019/12/18","PMC6980901","NIHMS1064477","10.1148/radiol.2019191061"
"31825503","Development and Validation of a Machine Learning Model to Aid Discharge Processes for Inpatient Surgical Care","Safavi KC, Khaniyev T, Copenhaver M, Seelen M, Zenteno Langle AC, Zanger J, Daily B, Levi R, Dunn P.","JAMA Netw Open. 2019 Dec 2;2(12):e1917221. doi: 10.1001/jamanetworkopen.2019.17221.","Safavi KC","JAMA Netw Open","2019","2019/12/12","PMC6991195","","10.1001/jamanetworkopen.2019.17221"
"31793851","Deep Learning Enables Automatic Classification of Emphysema Pattern at CT","Humphries SM, Notary AM, Centeno JP, Strand MJ, Crapo JD, Silverman EK, Lynch DA; Genetic Epidemiology of COPD (COPDGene) Investigators.","Radiology. 2020 Feb;294(2):434-444. doi: 10.1148/radiol.2019191022. Epub 2019 Dec 3.","Humphries SM","Radiology","2020","2019/12/04","PMC6996603","","10.1148/radiol.2019191022"
"31638491","Chronic Obstructive Pulmonary Disease: Thoracic CT Texture Analysis and Machine Learning to Predict Pulmonary Ventilation","Westcott A, Capaldi DPI, McCormack DG, Ward AD, Fenster A, Parraga G.","Radiology. 2019 Dec;293(3):676-684. doi: 10.1148/radiol.2019190450. Epub 2019 Oct 22.","Westcott A","Radiology","2019","2019/10/23","","","10.1148/radiol.2019190450"
"31617929","Assessment of Accuracy of an Artificial Intelligence Algorithm to Detect Melanoma in Images of Skin Lesions","Phillips M, Marsden H, Jaffe W, Matin RN, Wali GN, Greenhalgh J, McGrath E, James R, Ladoyanni E, Bewley A, Argenziano G, Palamaras I.","JAMA Netw Open. 2019 Oct 2;2(10):e1913436. doi: 10.1001/jamanetworkopen.2019.13436.","Phillips M","JAMA Netw Open","2019","2019/10/17","PMC6806667","","10.1001/jamanetworkopen.2019.13436"
"33323250","Development and validation of multivariable prediction models of remission, recovery, and quality of life outcomes in people with first episode psychosis: a machine learning approach","Leighton SP, Upthegrove R, Krishnadas R, Benros ME, Broome MR, Gkoutos GV, Liddle PF, Singh SP, Everard L, Jones PB, Fowler D, Sharma V, Freemantle N, Christensen RHB, Albert N, Nordentoft M, Schwannauer M, Cavanagh J, Gumley AI, Birchwood M, Mallikarjun PK.","Lancet Digit Health. 2019 Oct;1(6):e261-e270. doi: 10.1016/S2589-7500(19)30121-9. Epub 2019 Sep 12.","Leighton SP","Lancet Digit Health","2019","2020/12/16","","","10.1016/S2589-7500(19)30121-9"
"31549943","Detection of Hemodynamically Significant Coronary Stenosis: CT Myocardial Perfusion versus Machine Learning CT Fractional Flow Reserve","Li Y, Yu M, Dai X, Lu Z, Shen C, Wang Y, Lu B, Zhang J.","Radiology. 2019 Nov;293(2):305-314. doi: 10.1148/radiol.2019190098. Epub 2019 Sep 24.","Li Y","Radiology","2019","2019/09/25","","","10.1148/radiol.2019190098"
"31385755","Radiomics versus Visual and Histogram-based Assessment to Identify Atheromatous Lesions at Coronary CT Angiography: An ex Vivo Study","Kolossváry M, Karády J, Kikuchi Y, Ivanov A, Schlett CL, Lu MT, Foldyna B, Merkely B, Aerts HJ, Hoffmann U, Maurovich-Horvat P.","Radiology. 2019 Oct;293(1):89-96. doi: 10.1148/radiol.2019190407. Epub 2019 Aug 6.","Kolossváry M","Radiology","2019","2019/08/07","PMC6776230","","10.1148/radiol.2019190407"
"33323187","Detection of glaucomatous optic neuropathy with spectral-domain optical coherence tomography: a retrospective training and validation deep-learning analysis","Ran AR, Cheung CY, Wang X, Chen H, Luo LY, Chan PP, Wong MOM, Chang RT, Mannil SS, Young AL, Yung HW, Pang CP, Heng PA, Tham CC.","Lancet Digit Health. 2019 Aug;1(4):e172-e182. doi: 10.1016/S2589-7500(19)30085-8. Epub 2019 Aug 9.","Ran AR","Lancet Digit Health","2019","2020/12/16","","","10.1016/S2589-7500(19)30085-8"
"31242361","Detection of Brain Activation in Unresponsive Patients with Acute Brain Injury","Claassen J, Doyle K, Matory A, Couch C, Burger KM, Velazquez A, Okonkwo JU, King JR, Park S, Agarwal S, Roh D, Megjhani M, Eliseyev A, Connolly ES, Rohaut B.","N Engl J Med. 2019 Jun 27;380(26):2497-2505. doi: 10.1056/NEJMoa1812757.","Claassen J","N Engl J Med","2019","2019/06/27","","","10.1056/NEJMoa1812757"
"31199451","Assessment of Machine Learning Detection of Environmental Enteropathy and Celiac Disease in Children","Syed S, Al-Boni M, Khan MN, Sadiq K, Iqbal NT, Moskaluk CA, Kelly P, Amadi B, Ali SA, Moore SR, Brown DE.","JAMA Netw Open. 2019 Jun 5;2(6):e195822. doi: 10.1001/jamanetworkopen.2019.5822.","Syed S","JAMA Netw Open","2019","2019/06/15","PMC6575155","","10.1001/jamanetworkopen.2019.5822"
"31173130","Deep Learning-Assisted Diagnosis of Cerebral Aneurysms Using the HeadXNet Model","Park A, Chute C, Rajpurkar P, Lou J, Ball RL, Shpanskaya K, Jabarkheel R, Kim LH, McKenna E, Tseng J, Ni J, Wishah F, Wittber F, Hong DS, Wilson TJ, Halabi S, Basu S, Patel BN, Lungren MP, Ng AY, Yeom KW.","JAMA Netw Open. 2019 Jun 5;2(6):e195600. doi: 10.1001/jamanetworkopen.2019.5600.","Park A","JAMA Netw Open","2019","2019/06/08","PMC6563570","","10.1001/jamanetworkopen.2019.5600"
"31128926","Robot assisted training for the upper limb after stroke (RATULS): a multicentre randomised controlled trial","Rodgers H, Bosomworth H, Krebs HI, van Wijck F, Howel D, Wilson N, Aird L, Alvarado N, Andole S, Cohen DL, Dawson J, Fernandez-Garcia C, Finch T, Ford GA, Francis R, Hogg S, Hughes N, Price CI, Ternent L, Turner DL, Vale L, Wilkes S, Shaw L.","Lancet. 2019 Jul 6;394(10192):51-62. doi: 10.1016/S0140-6736(19)31055-4. Epub 2019 May 22.","Rodgers H","Lancet","2019","2019/05/27","PMC6620612","","10.1016/S0140-6736(19)31055-4"
"31104070","Derivation, Validation, and Potential Treatment Implications of Novel Clinical Phenotypes for Sepsis","Seymour CW, Kennedy JN, Wang S, Chang CH, Elliott CF, Xu Z, Berry S, Clermont G, Cooper G, Gomez H, Huang DT, Kellum JA, Mi Q, Opal SM, Talisa V, van der Poll T, Visweswaran S, Vodovotz Y, Weiss JC, Yealy DM, Yende S, Angus DC.","JAMA. 2019 May 28;321(20):2003-2017. doi: 10.1001/jama.2019.5791.","Seymour CW","JAMA","2019","2019/05/20","PMC6537818","","10.1001/jama.2019.5791"
"31099869","Performance of a Deep Learning Model vs Human Reviewers in Grading Endoscopic Disease Severity of Patients With Ulcerative Colitis","Stidham RW, Liu W, Bishu S, Rice MD, Higgins PDR, Zhu J, Nallamothu BK, Waljee AK.","JAMA Netw Open. 2019 May 3;2(5):e193963. doi: 10.1001/jamanetworkopen.2019.3963.","Stidham RW","JAMA Netw Open","2019","2019/05/18","PMC6537821","","10.1001/jamanetworkopen.2019.3963"
"31074823","Development and Validation of Machine Learning Models in Prediction of Remission in Patients With Moderate to Severe Crohn Disease","Waljee AK, Wallace BI, Cohen-Mekelburg S, Liu Y, Liu B, Sauder K, Stidham RW, Zhu J, Higgins PDR.","JAMA Netw Open. 2019 May 3;2(5):e193721. doi: 10.1001/jamanetworkopen.2019.3721.","Waljee AK","JAMA Netw Open","2019","2019/05/11","PMC6512283","","10.1001/jamanetworkopen.2019.3721"
"33323239","Artificial intelligence using deep learning to screen for referable and vision-threatening diabetic retinopathy in Africa: a clinical validation study","Bellemo V, Lim ZW, Lim G, Nguyen QD, Xie Y, Yip MYT, Hamzah H, Ho J, Lee XQ, Hsu W, Lee ML, Musonda L, Chandran M, Chipalo-Mutati G, Muma M, Tan GSW, Sivaprasad S, Menon G, Wong TY, Ting DSW.","Lancet Digit Health. 2019 May;1(1):e35-e44. doi: 10.1016/S2589-7500(19)30004-4. Epub 2019 May 2.","Bellemo V","Lancet Digit Health","2019","2020/12/16","","","10.1016/S2589-7500(19)30004-4"
"30990384","A Roadmap for Foundational Research on Artificial Intelligence in Medical Imaging: From the 2018 NIH/RSNA/ACR/The Academy Workshop","Langlotz CP, Allen B, Erickson BJ, Kalpathy-Cramer J, Bigelow K, Cook TS, Flanders AE, Lungren MP, Mendelson DS, Rudie JD, Wang G, Kandarpa K.","Radiology. 2019 Jun;291(3):781-791. doi: 10.1148/radiol.2019190613. Epub 2019 Apr 16.","Langlotz CP","Radiology","2019","2019/04/17","PMC6542624","","10.1148/radiol.2019190613"
"30946080","Comment on ""Robot-assisted Versus Laparoscopic Surgery for Rectal Cancer: A Phase II Open Label Prospective Randomized Controlled Trial""","Guerra F, Giuliani G.","Ann Surg. 2019 Dec;270(6):e103-e104. doi: 10.1097/SLA.0000000000003267.","Guerra F","Ann Surg","2019","2019/04/05","","","10.1097/SLA.0000000000003267"
"30646206","Machine Learning-Based Prediction of Clinical Outcomes for Children During Emergency Department Triage","Goto T, Camargo CA Jr, Faridi MK, Freishtat RJ, Hasegawa K.","JAMA Netw Open. 2019 Jan 4;2(1):e186937. doi: 10.1001/jamanetworkopen.2018.6937.","Goto T","JAMA Netw Open","2019","2019/01/16","PMC6484561","","10.1001/jamanetworkopen.2018.6937"
"30422093","Assessment of Convolutional Neural Networks for Automated Classification of Chest Radiographs","Dunnmon JA, Yi D, Langlotz CP, Ré C, Rubin DL, Lungren MP.","Radiology. 2019 Feb;290(2):537-544. doi: 10.1148/radiol.2018181422. Epub 2018 Nov 13.","Dunnmon JA","Radiology","2019","2018/11/14","PMC6358056","","10.1148/radiol.2018181422"
"30422086","Radiomic versus Convolutional Neural Networks Analysis for Classification of Contrast-enhancing Lesions at Multiparametric Breast MRI","Truhn D, Schrading S, Haarburger C, Schneider H, Merhof D, Kuhl C.","Radiology. 2019 Feb;290(2):290-297. doi: 10.1148/radiol.2018181352. Epub 2018 Nov 13.","Truhn D","Radiology","2019","2018/11/14","","","10.1148/radiol.2018181352"
"30398430","A Deep Learning Model to Predict a Diagnosis of Alzheimer Disease by Using (18)F-FDG PET of the Brain","Ding Y, Sohn JH, Kawczynski MG, Trivedi H, Harnish R, Jenkins NW, Lituiev D, Copeland TP, Aboian MS, Mari Aparici C, Behr SC, Flavell RR, Huang SY, Zalocusky KA, Nardo L, Seo Y, Hawkins RA, Hernandez Pampaloni M, Hadley D, Franc BL.","Radiology. 2019 Feb;290(2):456-464. doi: 10.1148/radiol.2018180958. Epub 2018 Nov 6.","Ding Y","Radiology","2019","2018/11/07","PMC6358051","","10.1148/radiol.2018180958"
"30105378","Making Colonoscopy Smarter With Standardized Computer-Aided Diagnosis","Holme Ø, Aabakken L.","Ann Intern Med. 2018 Sep 18;169(6):409-410. doi: 10.7326/M18-1901. Epub 2018 Aug 14.","Holme Ø","Ann Intern Med","2018","2018/08/15","","","10.7326/M18-1901"
"30105375","Real-Time Use of Artificial Intelligence in Identification of Diminutive Polyps During Colonoscopy: A Prospective Study","Mori Y, Kudo SE, Misawa M, Saito Y, Ikematsu H, Hotta K, Ohtsuka K, Urushibara F, Kataoka S, Ogawa Y, Maeda Y, Takeda K, Nakamura H, Ichimasa K, Kudo T, Hayashi T, Wakamura K, Ishida F, Inoue H, Itoh H, Oda M, Mori K.","Ann Intern Med. 2018 Sep 18;169(6):357-366. doi: 10.7326/M18-0249. Epub 2018 Aug 14.","Mori Y","Ann Intern Med","2018","2018/08/15","","","10.7326/M18-0249"
"30104767","Automated deep-neural-network surveillance of cranial images for acute neurologic events","Titano JJ, Badgeley M, Schefflein J, Pain M, Su A, Cai M, Swinburne N, Zech J, Kim J, Bederson J, Mocco J, Drayer B, Lehar J, Cho S, Costa A, Oermann EK.","Nat Med. 2018 Sep;24(9):1337-1341. doi: 10.1038/s41591-018-0147-y. Epub 2018 Aug 13.","Titano JJ","Nat Med","2018","2018/08/15","","","10.1038/s41591-018-0147-y"
"30063191","Radiomic Machine Learning for Characterization of Prostate Lesions with MRI: Comparison to ADC Values","Bonekamp D, Kohl S, Wiesenfarth M, Schelb P, Radtke JP, Götz M, Kickingereder P, Yaqubi K, Hitthaler B, Gählert N, Kuder TA, Deister F, Freitag M, Hohenfellner M, Hadaschik BA, Schlemmer HP, Maier-Hein KH.","Radiology. 2018 Oct;289(1):128-137. doi: 10.1148/radiol.2018173064. Epub 2018 Jul 31.","Bonekamp D","Radiology","2018","2018/08/01","","","10.1148/radiol.2018173064"
"30048326","Comment on ""What Expert Surgeons Never Tell You About Robot-assisted Surgery for Rectal Cancer?""","Faucheron JL, Sage PY, Trilling B.","Ann Surg. 2019 Jul;270(1):e10-e11. doi: 10.1097/SLA.0000000000002986.","Faucheron JL","Ann Surg","2019","2018/07/27","","","10.1097/SLA.0000000000002986"
"28925823","Deep Learning MR Imaging-based Attenuation Correction for PET/MR Imaging","Liu F, Jang H, Kijowski R, Bradshaw T, McMillan AB.","Radiology. 2018 Feb;286(2):676-684. doi: 10.1148/radiol.2017170700. Epub 2017 Sep 19.","Liu F","Radiology","2018","2017/09/20","PMC5790303","","10.1148/radiol.2017170700"
"28678669","Automated Critical Test Findings Identification and Online Notification System Using Artificial Intelligence in Imaging","Prevedello LM, Erdal BS, Ryu JL, Little KJ, Demirer M, Qian S, White RD.","Radiology. 2017 Dec;285(3):923-931. doi: 10.1148/radiol.2017162664. Epub 2017 Jul 3.","Prevedello LM","Radiology","2017","2017/07/06","","","10.1148/radiol.2017162664"
"28657946","Reconstruction/Repair of Iatrogenic Biliary Injuries: Is the Robot Offering a New Option? Short Clinical Report","Giulianotti PC, Quadri P, Durgam S, Bianco FM.","Ann Surg. 2018 Jan;267(1):e7-e9. doi: 10.1097/SLA.0000000000002343.","Giulianotti PC","Ann Surg","2018","2017/06/29","","","10.1097/SLA.0000000000002343"
"28650357","Defining the Role of Minimally Invasive Proctectomy for Locally Advanced Rectal Adenocarcinoma","Sujatha-Bhaskar S, Jafari MD, Gahagan JV, Inaba CS, Koh CY, Mills SD, Carmichael JC, Stamos MJ, Pigazzi A.","Ann Surg. 2017 Oct;266(4):574-581. doi: 10.1097/SLA.0000000000002357.","Sujatha-Bhaskar S","Ann Surg","2017","2017/06/27","","","10.1097/SLA.0000000000002357"
"28266977","Requesting Patient Characteristics for Readmissions Noted in ""Single-site Robotic Cholecystectomy in a Broadly Inclusive Patient Population: A Prospective Study""","Biglarian S, Katkhouda N.","Ann Surg. 2017 Apr;265(4):e34-e35. doi: 10.1097/SLA.0000000000001097.","Biglarian S","Ann Surg","2017","2017/03/08","","","10.1097/SLA.0000000000001097"
"27916234","Phantom motor execution facilitated by machine learning and augmented reality as treatment for phantom limb pain: a single group, clinical trial in patients with chronic intractable phantom limb pain","Ortiz-Catalan M, Guðmundsdóttir RA, Kristoffersen MB, Zepeda-Echavarria A, Caine-Winterberger K, Kulbacka-Ortiz K, Widehammar C, Eriksson K, Stockselius A, Ragnö C, Pihlar Z, Burger H, Hermansson L.","Lancet. 2016 Dec 10;388(10062):2885-2894. doi: 10.1016/S0140-6736(16)31598-7. Epub 2016 Dec 2.","Ortiz-Catalan M","Lancet","2016","2016/12/06","","","10.1016/S0140-6736(16)31598-7"
"27383395","Application of Machine Learning to Arterial Spin Labeling in Mild Cognitive Impairment and Alzheimer Disease","Collij LE, Heeman F, Kuijer JP, Ossenkoppele R, Benedictus MR, Möller C, Verfaillie SC, Sanz-Arigita EJ, van Berckel BN, van der Flier WM, Scheltens P, Barkhof F, Wink AM.","Radiology. 2016 Dec;281(3):865-875. doi: 10.1148/radiol.2016152703. Epub 2016 Jul 6.","Collij LE","Radiology","2016","2016/07/08","","","10.1148/radiol.2016152703"
"26445467","MiRNA Expression Analysis of Pretreatment Biopsies Predicts the Pathological Response of Esophageal Squamous Cell Carcinomas to Neoadjuvant Chemoradiotherapy","Wen J, Luo K, Liu H, Liu S, Lin G, Hu Y, Zhang X, Wang G, Chen Y, Chen Z, Li Y, Lin T, Xie X, Liu M, Wang H, Yang H, Fu J.","Ann Surg. 2016 May;263(5):942-8. doi: 10.1097/SLA.0000000000001489.","Wen J","Ann Surg","2016","2015/10/08","","","10.1097/SLA.0000000000001489"
"25486589","A generic support vector machine model for preoperative glioma survival associations","Emblem KE, Pinho MC, Zöllner FG, Due-Tonnessen P, Hald JK, Schad LR, Meling TR, Rapalino O, Bjornerud A.","Radiology. 2015 Apr;275(1):228-34. doi: 10.1148/radiol.14140770. Epub 2014 Dec 8.","Emblem KE","Radiology","2015","2014/12/09","","","10.1148/radiol.14140770"
"24887970","Video-based peer feedback through social networking for robotic surgery simulation: a multicenter randomized controlled trial","Carter SC, Chiang A, Shah G, Kwan L, Montgomery JS, Karam A, Tarnay C, Guru KA, Hu JC.","Ann Surg. 2015 May;261(5):870-5. doi: 10.1097/SLA.0000000000000756.","Carter SC","Ann Surg","2015","2014/06/03","","","10.1097/SLA.0000000000000756"
"24662411","Long-term oncologic outcomes of robotic low anterior resection for rectal cancer: a comparative study with laparoscopic surgery","Park EJ, Cho MS, Baek SJ, Hur H, Min BS, Baik SH, Lee KY, Kim NK.","Ann Surg. 2015 Jan;261(1):129-37. doi: 10.1097/SLA.0000000000000613.","Park EJ","Ann Surg","2015","2014/03/26","","","10.1097/SLA.0000000000000613"
